COUNTY_ID,COUNTY,TOWN_ID,TOWN,M_F_RAT,P_H_CNT,P_DEN,DEPENDENCY_RAT,A0A14_A15A65_RAT,A65UP_A15A64_RAT,A65_A0A14_RAT,INFO_TIME
縣市代碼,縣市名稱,鄉鎮市區代碼,鄉鎮市區名稱,性比例,戶量,人口密度,扶養比,扶幼比,扶老比,老化指數,資料時間
"65000","新北市","65000010","板橋區",93.7100000000000000,2.44,23950.29,45.81,17.88,27.94,156.28,"113Y06M"
"65000","新北市","65000020","三重區",95.3900000000000000,2.36,23453.70,42.06,14.71,27.34,185.85,"113Y06M"
"65000","新北市","65000030","中和區",92.4600000000000000,2.33,20172.41,43.96,13.61,30.35,222.93,"113Y06M"
"65000","新北市","65000040","永和區",89.2600000000000000,2.31,37552.59,52.14,17.06,35.08,205.57,"113Y06M"
"65000","新北市","65000050","新莊區",94.0800000000000000,2.51,21475.36,40.66,18.31,22.35,122.06,"113Y06M"
"65000","新北市","65000060","新店區",91.3000000000000000,2.24,2542.90,45.37,12.65,32.72,258.68,"113Y06M"
"65000","新北市","65000070","樹林區",98.4700000000000000,2.61,5428.48,39.78,16.82,22.96,136.51,"113Y06M"
"65000","新北市","65000080","鶯歌區",99.6900000000000000,2.59,4217.03,37.94,16.76,21.18,126.42,"113Y06M"
"65000","新北市","65000090","三峽區",99.0600000000000000,2.52,602.69,40.19,18.09,22.10,122.20,"113Y06M"
"65000","新北市","65000100","淡水區",90.6100000000000000,2.12,2792.24,41.63,14.90,26.74,179.52,"113Y06M"
"65000","新北市","65000110","汐止區",94.2700000000000000,2.19,2945.14,37.07,12.72,24.35,191.47,"113Y06M"
"65000","新北市","65000120","瑞芳區",101.8100000000000000,2.31,519.99,43.13,11.27,31.86,282.73,"113Y06M"
"65000","新北市","65000130","土城區",95.5800000000000000,2.53,8153.72,38.50,15.91,22.59,141.94,"113Y06M"
"65000","新北市","65000140","蘆洲區",95.4300000000000000,2.63,26779.20,36.72,15.96,20.76,130.13,"113Y06M"
"65000","新北市","65000150","五股區",99.1500000000000000,2.44,2681.17,34.31,14.87,19.44,130.70,"113Y06M"
"65000","新北市","65000160","泰山區",96.8000000000000000,2.57,4052.18,39.38,17.16,22.22,129.44,"113Y06M"
"65000","新北市","65000170","林口區",93.8700000000000000,2.41,2489.04,45.17,25.55,19.62,76.81,"113Y06M"
"65000","新北市","65000180","深坑區",98.5600000000000000,2.35,1148.42,37.91,11.42,26.49,231.94,"113Y06M"
"65000","新北市","65000190","石碇區",119.7200000000000000,2.14,49.18,49.86,8.28,41.59,502.55,"113Y06M"
"65000","新北市","65000200","坪林區",117.1100000000000000,2.50,37.44,56.84,9.17,47.67,519.79,"113Y06M"
"65000","新北市","65000210","三芝區",105.6300000000000000,2.24,334.47,44.02,11.06,32.96,297.99,"113Y06M"
"65000","新北市","65000220","石門區",108.9300000000000000,2.50,206.67,38.86,8.87,29.99,337.96,"113Y06M"
"65000","新北市","65000230","八里區",98.8100000000000000,2.36,1066.31,36.72,14.10,22.63,160.50,"113Y06M"
"65000","新北市","65000240","平溪區",128.1300000000000000,1.92,57.40,59.28,5.72,53.56,936.73,"113Y06M"
"65000","新北市","65000250","雙溪區",120.7500000000000000,2.20,53.25,57.40,8.29,49.11,592.68,"113Y06M"
"65000","新北市","65000260","貢寮區",103.6100000000000000,2.55,108.41,43.70,6.21,37.50,604.27,"113Y06M"
"65000","新北市","65000270","金山區",97.6500000000000000,2.78,411.25,38.51,10.40,28.11,270.44,"113Y06M"
"65000","新北市","65000280","萬里區",98.9500000000000000,2.72,328.23,43.84,10.61,33.23,313.30,"113Y06M"
"65000","新北市","65000290","烏來區",94.4100000000000000,3.29,19.51,45.67,19.02,26.65,140.10,"113Y06M"
"63000","臺北市","63000010","松山區",86.9800000000000000,2.40,20832.27,59.85,22.28,37.57,168.60,"113Y06M"
"63000","臺北市","63000020","信義區",88.9900000000000000,2.30,18395.21,53.52,15.87,37.64,237.15,"113Y06M"
"63000","臺北市","63000030","大安區",86.0200000000000000,2.43,25679.58,63.69,23.62,40.06,169.59,"113Y06M"
"63000","臺北市","63000040","中山區",84.7200000000000000,2.13,15793.04,52.85,16.75,36.10,215.49,"113Y06M"
"63000","臺北市","63000050","中正區",89.1900000000000000,2.28,19697.13,60.52,25.03,35.49,141.77,"113Y06M"
"63000","臺北市","63000060","大同區",91.7800000000000000,2.24,21085.45,52.26,18.04,34.22,189.73,"113Y06M"
"63000","臺北市","63000070","萬華區",93.5900000000000000,2.17,19504.76,49.83,12.81,37.02,288.96,"113Y06M"
"63000","臺北市","63000080","文山區",90.3000000000000000,2.38,8247.99,48.25,17.84,30.42,170.55,"113Y06M"
"63000","臺北市","63000090","南港區",93.1000000000000000,2.35,5195.26,46.62,16.57,30.06,181.44,"113Y06M"
"63000","臺北市","63000100","內湖區",89.5800000000000000,2.47,8729.11,47.11,19.75,27.35,138.46,"113Y06M"
"63000","臺北市","63000110","士林區",91.6400000000000000,2.46,4266.63,53.57,17.32,36.24,209.20,"113Y06M"
"63000","臺北市","63000120","北投區",90.6400000000000000,2.43,4256.50,51.41,18.59,32.82,176.50,"113Y06M"
"68000","桃園市","68000010","桃園區",92.5200000000000000,2.44,13601.62,41.56,19.92,21.65,108.70,"113Y06M"
"68000","桃園市","68000020","中壢區",95.0200000000000000,2.48,5657.17,41.55,19.75,21.80,110.39,"113Y06M"
"68000","桃園市","68000030","大溪區",102.5100000000000000,2.66,899.80,43.46,17.45,26.01,149.03,"113Y06M"
"68000","桃園市","68000040","楊梅區",99.4400000000000000,2.65,2026.81,39.93,19.26,20.68,107.37,"113Y06M"
"68000","桃園市","68000050","蘆竹區",97.1800000000000000,2.62,2244.87,38.05,19.69,18.36,93.26,"113Y06M"
"68000","桃園市","68000060","大園區",102.3900000000000000,2.55,997.13,39.45,18.64,20.81,111.60,"113Y06M"
"68000","桃園市","68000070","龜山區",97.1600000000000000,2.31,2504.95,38.90,17.33,21.57,124.46,"113Y06M"
"68000","桃園市","68000080","八德區",97.8100000000000000,2.60,6350.34,41.79,19.78,22.02,111.32,"113Y06M"
"68000","桃園市","68000090","龍潭區",98.3400000000000000,2.67,1686.46,42.82,18.13,24.69,136.19,"113Y06M"
"68000","桃園市","68000100","平鎮區",97.2600000000000000,2.69,4806.99,41.58,19.61,21.97,112.04,"113Y06M"
"68000","桃園市","68000110","新屋區",112.1800000000000000,2.68,580.18,45.58,16.05,29.53,183.95,"113Y06M"
"68000","桃園市","68000120","觀音區",106.3300000000000000,2.61,852.71,37.62,17.47,20.15,115.32,"113Y06M"
"68000","桃園市","68000130","復興區",109.6200000000000000,3.28,37.59,43.66,22.37,21.29,95.18,"113Y06M"
"66000","臺中市","66000010","中區",96.2500000000000000,2.15,20338.52,67.81,30.31,37.50,123.72,"113Y06M"
"66000","臺中市","66000020","東區",96.7900000000000000,2.48,8338.59,42.32,15.84,26.49,167.27,"113Y06M"
"66000","臺中市","66000030","南區",90.9200000000000000,2.41,18644.22,36.37,15.80,20.58,130.26,"113Y06M"
"66000","臺中市","66000040","西區",88.6400000000000000,2.38,19967.39,50.12,20.81,29.31,140.83,"113Y06M"
"66000","臺中市","66000050","北區",90.0300000000000000,2.30,20723.02,45.08,15.92,29.17,183.24,"113Y06M"
"66000","臺中市","66000060","西屯區",90.8200000000000000,2.46,5924.51,40.32,20.28,20.04,98.86,"113Y06M"
"66000","臺中市","66000070","南屯區",90.2500000000000000,2.50,5872.77,38.47,21.00,17.47,83.20,"113Y06M"
"66000","臺中市","66000080","北屯區",90.3300000000000000,2.50,4898.60,40.59,19.80,20.79,105.01,"113Y06M"
"66000","臺中市","66000090","豐原區",96.3800000000000000,2.87,3975.86,45.29,19.26,26.03,135.12,"113Y06M"
"66000","臺中市","66000100","東勢區",103.8200000000000000,2.67,401.64,49.37,13.65,35.72,261.77,"113Y06M"
"66000","臺中市","66000110","大甲區",99.9700000000000000,3.00,1273.00,45.83,19.83,26.00,131.13,"113Y06M"
"66000","臺中市","66000120","清水區",103.7200000000000000,2.77,1404.48,42.41,17.78,24.63,138.57,"113Y06M"
"66000","臺中市","66000130","沙鹿區",100.1400000000000000,2.87,2457.93,42.22,22.64,19.58,86.47,"113Y06M"
"66000","臺中市","66000140","梧棲區",99.6700000000000000,2.89,3717.76,41.10,20.12,20.97,104.21,"113Y06M"
"66000","臺中市","66000150","后里區",100.5400000000000000,3.05,907.73,43.72,18.03,25.69,142.45,"113Y06M"
"66000","臺中市","66000160","神岡區",103.5500000000000000,3.07,1831.50,40.79,16.53,24.26,146.79,"113Y06M"
"66000","臺中市","66000170","潭子區",96.7800000000000000,2.79,4214.52,38.09,17.18,20.91,121.70,"113Y06M"
"66000","臺中市","66000180","大雅區",98.3100000000000000,3.00,2949.41,38.38,19.38,19.00,98.04,"113Y06M"
"66000","臺中市","66000190","新社區",106.3100000000000000,2.90,333.75,45.97,13.10,32.86,250.78,"113Y06M"
"66000","臺中市","66000200","石岡區",106.2700000000000000,2.83,768.29,46.72,12.80,33.91,264.86,"113Y06M"
"66000","臺中市","66000210","外埔區",104.3300000000000000,3.01,731.65,39.35,14.79,24.56,166.00,"113Y06M"
"66000","臺中市","66000220","大安區",110.9600000000000000,3.12,1579.21,40.18,12.45,27.74,222.85,"113Y06M"
"66000","臺中市","66000230","烏日區",98.4500000000000000,2.65,1857.47,40.26,19.10,21.16,110.79,"113Y06M"
"66000","臺中市","66000240","大肚區",103.1700000000000000,2.90,1510.04,40.45,16.03,24.41,152.27,"113Y06M"
"66000","臺中市","66000250","龍井區",100.4700000000000000,2.98,2068.11,37.11,17.38,19.73,113.50,"113Y06M"
"66000","臺中市","66000260","霧峰區",102.1300000000000000,2.94,648.09,43.55,15.88,27.68,174.29,"113Y06M"
"66000","臺中市","66000270","太平區",96.6000000000000000,2.72,1646.39,40.22,18.68,21.54,115.30,"113Y06M"
"66000","臺中市","66000280","大里區",94.9800000000000000,2.80,7355.95,40.34,19.09,21.25,111.31,"113Y06M"
"66000","臺中市","66000290","和平區",114.0300000000000000,2.27,10.32,45.07,13.67,31.40,229.63,"113Y06M"
"67000","臺南市","67000010","新營區",96.3100000000000000,2.48,1944.08,47.86,17.44,30.42,174.44,"113Y06M"
"67000","臺南市","67000020","鹽水區",108.0700000000000000,2.37,461.19,47.47,12.94,34.52,266.71,"113Y06M"
"67000","臺南市","67000030","白河區",108.5400000000000000,2.44,202.63,55.44,11.43,44.01,385.13,"113Y06M"
"67000","臺南市","67000040","柳營區",108.8800000000000000,2.50,328.21,47.17,11.43,35.74,312.54,"113Y06M"
"67000","臺南市","67000050","後壁區",106.2500000000000000,2.46,296.90,54.64,10.19,44.45,436.16,"113Y06M"
"67000","臺南市","67000060","東山區",114.2600000000000000,2.37,152.23,52.24,10.17,42.07,413.78,"113Y06M"
"67000","臺南市","67000070","麻豆區",102.6600000000000000,2.58,797.75,49.40,15.83,33.58,212.17,"113Y06M"
"67000","臺南市","67000080","下營區",106.4500000000000000,2.38,663.96,50.49,12.88,37.61,292.07,"113Y06M"
"67000","臺南市","67000090","六甲區",106.4300000000000000,2.59,313.19,47.56,14.08,33.48,237.86,"113Y06M"
"67000","臺南市","67000100","官田區",103.9400000000000000,2.50,293.11,41.21,11.98,29.23,244.09,"113Y06M"
"67000","臺南市","67000110","大內區",115.3200000000000000,2.39,123.16,55.22,9.54,45.69,479.14,"113Y06M"
"67000","臺南市","67000120","佳里區",97.0200000000000000,2.63,1499.07,45.55,16.34,29.21,178.72,"113Y06M"
"67000","臺南市","67000130","學甲區",104.9500000000000000,2.48,455.86,44.26,12.31,31.94,259.40,"113Y06M"
"67000","臺南市","67000140","西港區",101.4800000000000000,2.73,740.23,42.57,14.34,28.23,196.86,"113Y06M"
"67000","臺南市","67000150","七股區",106.8400000000000000,2.66,191.24,44.88,11.31,33.56,296.66,"113Y06M"
"67000","臺南市","67000160","將軍區",104.2000000000000000,2.57,430.78,46.56,9.17,37.39,407.51,"113Y06M"
"67000","臺南市","67000170","北門區",101.5300000000000000,2.49,223.51,40.65,8.06,32.59,404.25,"113Y06M"
"67000","臺南市","67000180","新化區",102.0200000000000000,2.77,685.26,44.19,14.52,29.67,204.37,"113Y06M"
"67000","臺南市","67000190","善化區",100.6000000000000000,2.51,954.82,47.26,23.22,24.04,103.53,"113Y06M"
"67000","臺南市","67000200","新市區",100.8200000000000000,2.65,791.74,42.18,19.43,22.75,117.05,"113Y06M"
"67000","臺南市","67000210","安定區",105.6500000000000000,2.71,953.53,40.14,14.10,26.04,184.67,"113Y06M"
"67000","臺南市","67000220","山上區",111.1500000000000000,2.54,250.02,46.40,11.91,34.49,289.59,"113Y06M"
"67000","臺南市","67000230","玉井區",106.6100000000000000,2.49,169.50,53.62,11.95,41.67,348.66,"113Y06M"
"67000","臺南市","67000240","楠西區",112.2100000000000000,2.51,78.45,51.83,8.88,42.95,483.70,"113Y06M"
"67000","臺南市","67000250","南化區",115.3700000000000000,2.86,46.01,53.49,10.85,42.64,392.83,"113Y06M"
"67000","臺南市","67000260","左鎮區",133.6700000000000000,2.30,55.78,57.60,6.11,51.49,842.59,"113Y06M"
"67000","臺南市","67000270","仁德區",100.7700000000000000,2.54,1528.14,40.47,15.11,25.36,167.82,"113Y06M"
"67000","臺南市","67000280","歸仁區",101.3900000000000000,2.77,1239.10,41.35,17.18,24.17,140.66,"113Y06M"
"67000","臺南市","67000290","關廟區",104.4300000000000000,2.79,618.22,45.66,12.57,33.09,263.33,"113Y06M"
"67000","臺南市","67000300","龍崎區",119.7200000000000000,2.35,53.21,58.46,5.44,53.02,975.21,"113Y06M"
"67000","臺南市","67000310","永康區",95.8100000000000000,2.56,5844.35,37.48,16.94,20.54,121.26,"113Y06M"
"67000","臺南市","67000320","東區",90.4400000000000000,2.43,19603.68,47.23,19.90,27.33,137.36,"113Y06M"
"67000","臺南市","67000330","南區",96.2600000000000000,2.49,17735.72,43.70,12.73,30.98,243.43,"113Y06M"
"67000","臺南市","67000340","北區",93.3600000000000000,2.39,18202.12,43.15,15.26,27.89,182.80,"113Y06M"
"67000","臺南市","67000350","安南區",100.0800000000000000,2.78,1893.17,39.48,18.78,20.69,110.17,"113Y06M"
"67000","臺南市","67000360","安平區",88.8600000000000000,2.37,6293.88,35.52,15.71,19.81,126.08,"113Y06M"
"67000","臺南市","67000370","中西區",92.7400000000000000,2.33,12408.47,57.49,23.52,33.98,144.49,"113Y06M"
"64000","高雄市","64000010","鹽埕區",95.9100000000000000,2.07,15820.92,53.96,11.14,42.82,384.39,"113Y06M"
"64000","高雄市","64000020","鼓山區",90.9500000000000000,2.28,9553.76,48.43,21.00,27.43,130.63,"113Y06M"
"64000","高雄市","64000030","左營區",90.3300000000000000,2.34,10189.61,39.92,17.54,22.38,127.59,"113Y06M"
"64000","高雄市","64000040","楠梓區",94.8500000000000000,2.41,7503.68,41.70,20.02,21.68,108.28,"113Y06M"
"64000","高雄市","64000050","三民區",91.6000000000000000,2.32,16752.90,46.37,16.42,29.95,182.42,"113Y06M"
"64000","高雄市","64000060","新興區",90.4100000000000000,2.09,25057.17,58.51,17.29,41.23,238.47,"113Y06M"
"64000","高雄市","64000070","前金區",87.4500000000000000,1.94,14608.30,52.33,10.96,41.37,377.51,"113Y06M"
"64000","高雄市","64000080","苓雅區",90.0900000000000000,2.19,20112.48,54.03,16.38,37.65,229.81,"113Y06M"
"64000","高雄市","64000090","前鎮區",95.2800000000000000,2.24,9366.39,45.05,13.91,31.14,223.80,"113Y06M"
"64000","高雄市","64000100","旗津區",104.3300000000000000,2.43,17709.54,39.00,10.33,28.67,277.67,"113Y06M"
"64000","高雄市","64000110","小港區",96.6100000000000000,2.19,3405.75,40.21,15.97,24.24,151.76,"113Y06M"
"64000","高雄市","64000120","鳳山區",94.2900000000000000,2.39,13293.17,43.39,17.31,26.08,150.66,"113Y06M"
"64000","高雄市","64000130","林園區",100.0900000000000000,2.48,2108.07,39.86,14.93,24.92,166.91,"113Y06M"
"64000","高雄市","64000140","大寮區",102.6900000000000000,2.48,1575.68,38.14,13.33,24.82,186.22,"113Y06M"
"64000","高雄市","64000150","大樹區",103.5100000000000000,2.82,602.83,42.13,12.16,29.96,246.40,"113Y06M"
"64000","高雄市","64000160","大社區",102.4300000000000000,2.46,1266.55,38.86,12.10,26.76,221.06,"113Y06M"
"64000","高雄市","64000170","仁武區",100.7000000000000000,2.37,2713.66,35.79,15.47,20.31,131.27,"113Y06M"
"64000","高雄市","64000180","鳥松區",100.1800000000000000,2.24,1804.36,43.43,11.66,31.77,272.53,"113Y06M"
"64000","高雄市","64000190","岡山區",96.8500000000000000,2.62,1989.30,44.08,17.52,26.56,151.61,"113Y06M"
"64000","高雄市","64000200","橋頭區",99.6000000000000000,2.38,1626.04,42.13,14.55,27.58,189.60,"113Y06M"
"64000","高雄市","64000210","燕巢區",109.7800000000000000,2.60,438.06,42.42,11.89,30.53,256.84,"113Y06M"
"64000","高雄市","64000220","田寮區",124.1200000000000000,2.14,69.28,56.95,7.02,49.94,711.85,"113Y06M"
"64000","高雄市","64000230","阿蓮區",100.8600000000000000,2.86,787.81,43.23,15.01,28.22,188.10,"113Y06M"
"64000","高雄市","64000240","路竹區",102.2900000000000000,2.86,1033.88,46.80,17.82,28.98,162.65,"113Y06M"
"64000","高雄市","64000250","湖內區",103.0300000000000000,2.57,1463.38,39.56,13.46,26.10,193.89,"113Y06M"
"64000","高雄市","64000260","茄萣區",103.8100000000000000,2.72,1846.04,41.84,12.82,29.02,226.39,"113Y06M"
"64000","高雄市","64000270","永安區",98.4200000000000000,2.37,612.45,37.41,13.15,24.27,184.60,"113Y06M"
"64000","高雄市","64000280","彌陀區",103.3800000000000000,2.64,1230.95,40.62,12.83,27.78,216.51,"113Y06M"
"64000","高雄市","64000290","梓官區",104.9600000000000000,2.61,2996.28,38.89,12.09,26.80,221.65,"113Y06M"
"64000","高雄市","64000300","旗山區",104.7300000000000000,2.48,360.13,52.05,13.67,38.38,280.68,"113Y06M"
"64000","高雄市","64000310","美濃區",110.9400000000000000,2.43,305.85,57.98,10.89,47.09,432.53,"113Y06M"
"64000","高雄市","64000320","六龜區",115.9600000000000000,2.17,59.65,49.70,10.11,39.59,391.69,"113Y06M"
"64000","高雄市","64000330","甲仙區",111.3700000000000000,2.40,44.21,49.73,9.97,39.76,398.90,"113Y06M"
"64000","高雄市","64000340","杉林區",121.5000000000000000,2.30,104.23,51.61,10.10,41.51,411.08,"113Y06M"
"64000","高雄市","64000350","內門區",116.8000000000000000,2.56,136.01,47.51,8.52,38.99,457.79,"113Y06M"
"64000","高雄市","64000360","茂林區",96.5500000000000000,3.00,9.69,31.58,16.88,14.71,87.14,"113Y06M"
"64000","高雄市","64000370","桃源區",108.0600000000000000,3.03,4.53,33.56,19.14,14.41,75.29,"113Y06M"
"64000","高雄市","64000380","那瑪夏區",104.4000000000000000,3.57,12.47,39.65,24.65,15.00,60.86,"113Y06M"
"10002","宜蘭縣","10002010","宜蘭市",94.0600000000000000,2.46,3230.41,46.78,19.64,27.14,138.18,"113Y06M"
"10002","宜蘭縣","10002020","羅東鎮",88.9200000000000000,2.57,6164.32,52.67,23.04,29.64,128.65,"113Y06M"
"10002","宜蘭縣","10002030","蘇澳鎮",102.7400000000000000,2.56,418.03,46.98,13.41,33.57,250.34,"113Y06M"
"10002","宜蘭縣","10002040","頭城鎮",105.4400000000000000,2.62,279.21,43.35,14.22,29.13,204.90,"113Y06M"
"10002","宜蘭縣","10002050","礁溪鄉",106.7800000000000000,2.31,345.28,42.63,13.09,29.54,225.77,"113Y06M"
"10002","宜蘭縣","10002060","壯圍鄉",108.8400000000000000,2.53,634.48,38.83,11.58,27.25,235.36,"113Y06M"
"10002","宜蘭縣","10002070","員山鄉",111.0400000000000000,2.54,286.83,38.60,11.80,26.80,227.11,"113Y06M"
"10002","宜蘭縣","10002080","冬山鄉",101.8300000000000000,2.54,665.88,43.52,15.39,28.13,182.85,"113Y06M"
"10002","宜蘭縣","10002090","五結鄉",102.7500000000000000,2.45,1059.25,39.55,12.97,26.59,204.99,"113Y06M"
"10002","宜蘭縣","10002100","三星鄉",117.5700000000000000,2.26,146.62,42.16,10.57,31.59,298.92,"113Y06M"
"10002","宜蘭縣","10002110","大同鄉",116.2500000000000000,2.94,9.11,38.91,20.48,18.44,90.03,"113Y06M"
"10002","宜蘭縣","10002120","南澳鄉",103.7500000000000000,2.87,8.23,43.65,25.51,18.13,71.07,"113Y06M"
"10004","新竹縣","10004010","竹北市",98.6500000000000000,2.61,4652.21,43.11,29.99,13.12,43.76,"113Y06M"
"10004","新竹縣","10004020","竹東鎮",101.3200000000000000,2.62,1820.61,41.36,18.62,22.74,122.16,"113Y06M"
"10004","新竹縣","10004030","新埔鎮",113.5500000000000000,2.65,460.67,42.78,11.58,31.20,269.35,"113Y06M"
"10004","新竹縣","10004040","關西鎮",115.7400000000000000,2.82,212.15,47.28,12.96,34.32,264.83,"113Y06M"
"10004","新竹縣","10004050","湖口鄉",101.7300000000000000,2.62,1424.14,39.63,19.37,20.26,104.62,"113Y06M"
"10004","新竹縣","10004060","新豐鄉",104.4900000000000000,2.77,1274.27,39.46,20.47,18.99,92.79,"113Y06M"
"10004","新竹縣","10004070","芎林鄉",112.2200000000000000,2.69,498.68,40.04,11.92,28.12,235.93,"113Y06M"
"10004","新竹縣","10004080","橫山鄉",116.7800000000000000,2.76,182.05,50.55,12.63,37.93,300.39,"113Y06M"
"10004","新竹縣","10004090","北埔鄉",121.8100000000000000,2.73,166.00,46.92,11.41,35.51,311.33,"113Y06M"
"10004","新竹縣","10004100","寶山鄉",117.6200000000000000,2.34,223.81,34.97,10.10,24.87,246.27,"113Y06M"
"10004","新竹縣","10004110","峨眉鄉",122.3100000000000000,2.45,109.63,57.01,10.25,46.76,456.12,"113Y06M"
"10004","新竹縣","10004120","尖石鄉",107.8200000000000000,3.21,17.98,40.75,24.88,15.86,63.74,"113Y06M"
"10004","新竹縣","10004130","五峰鄉",117.1300000000000000,2.51,19.32,38.29,16.72,21.57,128.95,"113Y06M"
"10005","苗栗縣","10005010","苗栗市",98.2000000000000000,2.58,2276.12,47.83,17.33,30.50,175.98,"113Y06M"
"10005","苗栗縣","10005020","苑裡鎮",108.8100000000000000,2.78,638.11,40.22,13.68,26.54,193.98,"113Y06M"
"10005","苗栗縣","10005030","通霄鎮",113.1400000000000000,2.69,287.61,46.44,11.64,34.80,299.07,"113Y06M"
"10005","苗栗縣","10005040","竹南鎮",101.0200000000000000,2.65,2400.56,42.09,21.83,20.26,92.82,"113Y06M"
"10005","苗栗縣","10005050","頭份市",101.1300000000000000,2.66,2005.31,41.07,19.94,21.14,106.03,"113Y06M"
"10005","苗栗縣","10005060","後龍鎮",111.3300000000000000,2.75,446.72,42.32,13.42,28.90,215.38,"113Y06M"
"10005","苗栗縣","10005070","卓蘭鎮",109.8300000000000000,2.61,197.25,50.14,11.81,38.33,324.58,"113Y06M"
"10005","苗栗縣","10005080","大湖鄉",115.4600000000000000,2.50,141.11,48.15,11.38,36.77,322.94,"113Y06M"
"10005","苗栗縣","10005090","公館鄉",108.0600000000000000,2.82,434.47,45.36,14.55,30.82,211.81,"113Y06M"
"10005","苗栗縣","10005100","銅鑼鄉",112.9000000000000000,2.66,208.93,47.28,13.66,33.62,246.08,"113Y06M"
"10005","苗栗縣","10005110","南庄鄉",123.1700000000000000,2.31,52.97,47.20,10.41,36.79,353.39,"113Y06M"
"10005","苗栗縣","10005120","頭屋鄉",113.3000000000000000,2.66,184.52,44.99,9.73,35.26,362.46,"113Y06M"
"10005","苗栗縣","10005130","三義鄉",112.6900000000000000,2.64,213.97,45.22,14.16,31.06,219.28,"113Y06M"
"10005","苗栗縣","10005140","西湖鄉",129.4400000000000000,2.40,149.53,47.57,7.06,40.51,573.47,"113Y06M"
"10005","苗栗縣","10005150","造橋鄉",113.7400000000000000,2.74,241.05,44.44,11.09,33.36,300.90,"113Y06M"
"10005","苗栗縣","10005160","三灣鄉",121.8000000000000000,2.61,112.65,52.22,12.30,39.92,324.58,"113Y06M"
"10005","苗栗縣","10005170","獅潭鄉",120.4900000000000000,2.35,51.07,56.46,8.18,48.28,590.57,"113Y06M"
"10005","苗栗縣","10005180","泰安鄉",117.5000000000000000,2.81,9.06,37.35,13.47,23.88,177.29,"113Y06M"
"10007","彰化縣","10007010","彰化市",96.2400000000000000,2.81,3423.43,47.84,19.61,28.23,143.92,"113Y06M"
"10007","彰化縣","10007020","鹿港鎮",102.3100000000000000,3.24,2133.34,44.92,19.71,25.20,127.87,"113Y06M"
"10007","彰化縣","10007030","和美鎮",103.3300000000000000,3.10,2196.60,40.51,16.70,23.81,142.59,"113Y06M"
"10007","彰化縣","10007040","線西鄉",105.8300000000000000,3.46,894.41,41.04,15.68,25.36,161.79,"113Y06M"
"10007","彰化縣","10007050","伸港鄉",100.3300000000000000,3.39,1723.09,41.33,19.29,22.03,114.20,"113Y06M"
"10007","彰化縣","10007060","福興鄉",109.1300000000000000,3.31,900.10,41.15,15.28,25.87,169.24,"113Y06M"
"10007","彰化縣","10007070","秀水鄉",105.9500000000000000,3.28,1293.25,41.41,17.15,24.26,141.45,"113Y06M"
"10007","彰化縣","10007080","花壇鄉",105.1900000000000000,2.97,1201.07,39.44,13.87,25.57,184.30,"113Y06M"
"10007","彰化縣","10007090","芬園鄉",110.2500000000000000,3.19,578.58,44.76,13.29,31.48,236.90,"113Y06M"
"10007","彰化縣","10007100","員林市",96.9400000000000000,2.88,3066.26,47.79,20.69,27.11,131.03,"113Y06M"
"10007","彰化縣","10007110","溪湖鎮",102.2500000000000000,3.10,1673.62,45.85,20.60,25.24,122.51,"113Y06M"
"10007","彰化縣","10007120","田中鎮",104.0900000000000000,2.87,1128.60,45.97,14.61,31.36,214.58,"113Y06M"
"10007","彰化縣","10007130","大村鄉",103.0800000000000000,3.15,1292.50,38.34,15.25,23.09,151.41,"113Y06M"
"10007","彰化縣","10007140","埔鹽鄉",110.2700000000000000,3.25,796.67,41.79,12.69,29.11,229.43,"113Y06M"
"10007","彰化縣","10007150","埔心鄉",105.6400000000000000,2.96,1596.75,38.39,13.28,25.11,189.10,"113Y06M"
"10007","彰化縣","10007160","永靖鄉",106.8600000000000000,3.08,1694.14,42.93,15.33,27.60,179.98,"113Y06M"
"10007","彰化縣","10007170","社頭鄉",105.5900000000000000,3.03,1139.08,42.96,15.47,27.49,177.71,"113Y06M"
"10007","彰化縣","10007180","二水鄉",111.1600000000000000,2.59,465.07,51.60,10.87,40.73,374.64,"113Y06M"
"10007","彰化縣","10007190","北斗鎮",99.9800000000000000,2.88,1728.98,47.19,19.69,27.50,139.68,"113Y06M"
"10007","彰化縣","10007200","二林鎮",105.5400000000000000,3.01,510.98,45.88,14.07,31.81,226.07,"113Y06M"
"10007","彰化縣","10007210","田尾鄉",107.3500000000000000,3.07,1068.58,41.58,13.93,27.65,198.54,"113Y06M"
"10007","彰化縣","10007220","埤頭鄉",106.3500000000000000,3.11,670.79,45.71,15.14,30.57,201.88,"113Y06M"
"10007","彰化縣","10007230","芳苑鄉",112.5200000000000000,3.03,337.62,47.95,12.56,35.39,281.79,"113Y06M"
"10007","彰化縣","10007240","大城鄉",116.9600000000000000,2.93,232.00,50.81,10.11,40.70,402.72,"113Y06M"
"10007","彰化縣","10007250","竹塘鄉",109.4500000000000000,3.09,337.43,58.05,19.06,38.99,204.55,"113Y06M"
"10007","彰化縣","10007260","溪州鄉",108.6200000000000000,3.03,368.57,45.46,13.31,32.15,241.48,"113Y06M"
"10008","南投縣","10008010","南投市",98.9000000000000000,2.68,1360.10,46.47,17.36,29.12,167.73,"113Y06M"
"10008","南投縣","10008020","埔里鎮",97.8500000000000000,2.61,473.17,46.07,15.13,30.93,204.39,"113Y06M"
"10008","南投縣","10008030","草屯鎮",100.1000000000000000,2.76,933.30,44.17,16.11,28.05,174.11,"113Y06M"
"10008","南投縣","10008040","竹山鎮",103.8000000000000000,2.51,206.25,47.63,13.81,33.82,244.91,"113Y06M"
"10008","南投縣","10008050","集集鎮",108.7000000000000000,2.35,197.76,46.91,11.07,35.84,323.75,"113Y06M"
"10008","南投縣","10008060","名間鄉",111.1500000000000000,2.80,426.99,43.76,11.44,32.32,282.44,"113Y06M"
"10008","南投縣","10008070","鹿谷鄉",114.5200000000000000,2.06,112.69,51.94,9.58,42.36,442.26,"113Y06M"
"10008","南投縣","10008080","中寮鄉",120.7800000000000000,2.43,91.14,48.61,9.56,39.05,408.37,"113Y06M"
"10008","南投縣","10008090","魚池鄉",110.5400000000000000,2.58,120.11,48.20,11.46,36.74,320.67,"113Y06M"
"10008","南投縣","10008100","國姓鄉",117.6300000000000000,2.38,94.86,45.55,9.20,36.34,394.88,"113Y06M"
"10008","南投縣","10008110","水里鄉",109.9600000000000000,2.28,149.03,52.94,12.14,40.80,336.08,"113Y06M"
"10008","南投縣","10008120","信義鄉",114.1200000000000000,2.90,10.72,40.90,19.56,21.34,109.12,"113Y06M"
"10008","南投縣","10008130","仁愛鄉",105.4200000000000000,3.17,12.13,41.95,21.84,20.11,92.05,"113Y06M"
"10009","雲林縣","10009010","斗六市",96.9100000000000000,2.64,1160.35,43.67,18.56,25.11,135.32,"113Y06M"
"10009","雲林縣","10009020","斗南鎮",102.3200000000000000,2.59,902.32,45.00,15.04,29.96,199.18,"113Y06M"
"10009","雲林縣","10009030","虎尾鎮",100.7200000000000000,2.60,1029.07,44.16,18.58,25.58,137.69,"113Y06M"
"10009","雲林縣","10009040","西螺鎮",100.2000000000000000,2.87,894.30,48.36,18.64,29.71,159.40,"113Y06M"
"10009","雲林縣","10009050","土庫鎮",108.5000000000000000,2.81,560.57,48.45,15.76,32.69,207.47,"113Y06M"
"10009","雲林縣","10009060","北港鎮",105.9200000000000000,2.33,908.22,48.33,16.00,32.32,201.94,"113Y06M"
"10009","雲林縣","10009070","古坑鄉",108.9600000000000000,2.58,178.60,46.62,11.98,34.63,289.02,"113Y06M"
"10009","雲林縣","10009080","大埤鄉",112.1800000000000000,2.68,396.51,45.78,12.11,33.67,278.07,"113Y06M"
"10009","雲林縣","10009090","莿桐鄉",107.9300000000000000,2.88,538.09,44.88,14.06,30.82,219.25,"113Y06M"
"10009","雲林縣","10009100","林內鄉",110.2000000000000000,2.75,445.68,46.21,14.69,31.52,214.55,"113Y06M"
"10009","雲林縣","10009110","二崙鄉",114.5400000000000000,2.77,415.98,49.59,12.15,37.44,308.25,"113Y06M"
"10009","雲林縣","10009120","崙背鄉",111.9800000000000000,2.62,389.46,50.74,14.14,36.60,258.77,"113Y06M"
"10009","雲林縣","10009130","麥寮鄉",97.4700000000000000,3.16,619.00,37.74,18.65,19.09,102.34,"113Y06M"
"10009","雲林縣","10009140","東勢鄉",123.6900000000000000,2.34,274.40,48.77,10.10,38.67,382.80,"113Y06M"
"10009","雲林縣","10009150","褒忠鄉",115.2400000000000000,2.67,319.87,48.03,12.53,35.51,283.45,"113Y06M"
"10009","雲林縣","10009160","臺西鄉",114.3300000000000000,2.59,399.75,42.81,10.24,32.57,317.99,"113Y06M"
"10009","雲林縣","10009170","元長鄉",119.9000000000000000,2.59,324.04,53.83,11.44,42.39,370.55,"113Y06M"
"10009","雲林縣","10009180","四湖鄉",120.2300000000000000,2.48,270.21,45.43,9.15,36.28,396.49,"113Y06M"
"10009","雲林縣","10009190","口湖鄉",113.6300000000000000,2.71,308.27,42.93,10.41,32.52,312.51,"113Y06M"
"10009","雲林縣","10009200","水林鄉",120.5300000000000000,2.41,309.92,52.03,10.31,41.71,404.43,"113Y06M"
"10010","嘉義縣","10010010","太保市",102.5300000000000000,2.68,587.94,38.69,17.17,21.52,125.32,"113Y06M"
"10010","嘉義縣","10010020","朴子市",100.4400000000000000,2.50,818.52,48.29,17.27,31.02,179.64,"113Y06M"
"10010","嘉義縣","10010030","布袋鎮",103.6200000000000000,2.53,394.57,43.92,9.35,34.57,369.55,"113Y06M"
"10010","嘉義縣","10010040","大林鎮",102.6300000000000000,2.54,463.67,49.82,13.42,36.40,271.22,"113Y06M"
"10010","嘉義縣","10010050","民雄鄉",103.7000000000000000,2.63,818.83,40.93,13.64,27.28,199.96,"113Y06M"
"10010","嘉義縣","10010060","溪口鄉",115.1400000000000000,2.52,396.02,50.98,9.77,41.21,421.72,"113Y06M"
"10010","嘉義縣","10010070","新港鄉",111.6100000000000000,2.74,452.37,47.73,12.85,34.87,271.27,"113Y06M"
"10010","嘉義縣","10010080","六腳鄉",113.9900000000000000,2.42,331.84,53.65,8.37,45.28,541.24,"113Y06M"
"10010","嘉義縣","10010090","東石鄉",112.5900000000000000,2.54,275.81,46.42,8.81,37.61,426.88,"113Y06M"
"10010","嘉義縣","10010100","義竹鄉",109.5500000000000000,2.35,207.01,54.51,9.29,45.22,486.73,"113Y06M"
"10010","嘉義縣","10010110","鹿草鄉",117.7200000000000000,2.44,258.07,55.61,9.68,45.93,474.43,"113Y06M"
"10010","嘉義縣","10010120","水上鄉",106.6000000000000000,2.52,687.31,39.88,9.89,29.99,303.13,"113Y06M"
"10010","嘉義縣","10010130","中埔鄉",107.2900000000000000,2.60,327.30,42.91,11.31,31.60,279.34,"113Y06M"
"10010","嘉義縣","10010140","竹崎鄉",113.4400000000000000,2.81,203.90,48.00,11.84,36.16,305.29,"113Y06M"
"10010","嘉義縣","10010150","梅山鄉",113.0500000000000000,2.61,147.73,53.12,11.55,41.58,360.12,"113Y06M"
"10010","嘉義縣","10010160","番路鄉",114.6300000000000000,2.52,91.60,45.53,9.98,35.55,356.37,"113Y06M"
"10010","嘉義縣","10010170","大埔鄉",102.3500000000000000,2.31,25.31,41.82,11.16,30.66,274.78,"113Y06M"
"10010","嘉義縣","10010180","阿里山鄉",108.0100000000000000,2.85,12.32,43.47,15.65,27.82,177.74,"113Y06M"
"10013","屏東縣","10013010","屏東市",95.7600000000000000,2.51,2970.32,45.23,16.69,28.53,170.92,"113Y06M"
"10013","屏東縣","10013020","潮州鎮",97.5400000000000000,2.54,1260.57,42.14,14.42,27.72,192.24,"113Y06M"
"10013","屏東縣","10013030","東港鎮",100.3900000000000000,2.58,1560.10,42.03,17.10,24.93,145.83,"113Y06M"
"10013","屏東縣","10013040","恆春鎮",102.7900000000000000,2.45,216.15,41.05,16.45,24.60,149.51,"113Y06M"
"10013","屏東縣","10013050","萬丹鄉",106.2400000000000000,3.02,855.00,42.77,14.75,28.02,189.94,"113Y06M"
"10013","屏東縣","10013060","長治鄉",105.8300000000000000,2.68,733.29,41.79,11.93,29.87,250.45,"113Y06M"
"10013","屏東縣","10013070","麟洛鄉",104.5300000000000000,2.56,644.40,47.12,9.34,37.78,404.66,"113Y06M"
"10013","屏東縣","10013080","九如鄉",104.2800000000000000,2.83,514.70,40.86,12.98,27.88,214.75,"113Y06M"
"10013","屏東縣","10013090","里港鄉",101.3900000000000000,2.97,369.87,45.99,17.15,28.85,168.24,"113Y06M"
"10013","屏東縣","10013100","鹽埔鄉",107.8800000000000000,2.93,368.30,41.63,11.98,29.65,247.60,"113Y06M"
"10013","屏東縣","10013110","高樹鄉",111.4300000000000000,2.49,250.00,52.72,11.16,41.56,372.37,"113Y06M"
"10013","屏東縣","10013120","萬巒鄉",109.3600000000000000,2.86,314.50,49.32,13.92,35.40,254.24,"113Y06M"
"10013","屏東縣","10013130","內埔鄉",104.5300000000000000,2.65,642.47,43.60,12.48,31.12,249.31,"113Y06M"
"10013","屏東縣","10013140","竹田鄉",113.0800000000000000,2.75,540.74,46.88,9.78,37.10,379.27,"113Y06M"
"10013","屏東縣","10013150","新埤鄉",111.1300000000000000,2.66,156.57,47.42,9.54,37.88,396.99,"113Y06M"
"10013","屏東縣","10013160","枋寮鄉",106.6300000000000000,2.59,392.80,48.27,12.83,35.44,276.11,"113Y06M"
"10013","屏東縣","10013170","新園鄉",107.3800000000000000,2.70,846.00,39.09,9.93,29.15,293.43,"113Y06M"
"10013","屏東縣","10013180","崁頂鄉",100.4300000000000000,3.22,479.31,60.74,29.66,31.08,104.81,"113Y06M"
"10013","屏東縣","10013190","林邊鄉",103.6900000000000000,2.48,1042.74,49.90,12.27,37.63,306.83,"113Y06M"
"10013","屏東縣","10013200","南州鄉",104.2200000000000000,2.56,515.55,47.78,9.23,38.55,417.51,"113Y06M"
"10013","屏東縣","10013210","佳冬鄉",106.0000000000000000,2.55,572.23,47.31,11.12,36.19,325.56,"113Y06M"
"10013","屏東縣","10013220","琉球鄉",117.5700000000000000,2.44,1802.46,39.75,11.66,28.09,240.86,"113Y06M"
"10013","屏東縣","10013230","車城鄉",115.2400000000000000,2.26,159.79,47.25,10.89,36.36,333.96,"113Y06M"
"10013","屏東縣","10013240","滿州鄉",118.1800000000000000,2.38,50.14,40.38,8.76,31.62,360.90,"113Y06M"
"10013","屏東縣","10013250","枋山鄉",107.7900000000000000,2.49,288.66,38.86,8.80,30.06,341.46,"113Y06M"
"10013","屏東縣","10013260","三地門鄉",99.2200000000000000,3.16,39.22,37.76,17.72,20.03,113.02,"113Y06M"
"10013","屏東縣","10013270","霧臺鄉",103.8100000000000000,2.93,11.69,37.11,13.59,23.52,173.07,"113Y06M"
"10013","屏東縣","10013280","瑪家鄉",100.8400000000000000,3.07,85.08,35.88,16.34,19.54,119.63,"113Y06M"
"10013","屏東縣","10013290","泰武鄉",105.1000000000000000,3.50,44.40,38.64,20.69,17.95,86.77,"113Y06M"
"10013","屏東縣","10013300","來義鄉",98.8900000000000000,3.16,43.81,38.62,19.12,19.50,101.97,"113Y06M"
"10013","屏東縣","10013310","春日鄉",102.6600000000000000,3.26,30.52,42.02,21.02,20.99,99.86,"113Y06M"
"10013","屏東縣","10013320","獅子鄉",105.5800000000000000,2.89,15.79,35.64,13.44,22.20,165.18,"113Y06M"
"10013","屏東縣","10013330","牡丹鄉",99.4500000000000000,2.31,25.95,39.24,14.93,24.31,162.85,"113Y06M"
"10014","臺東縣","10014010","臺東市",97.4200000000000000,2.49,940.66,45.43,18.53,26.90,145.21,"113Y06M"
"10014","臺東縣","10014020","成功鎮",110.8700000000000000,2.41,90.23,47.33,11.56,35.78,309.62,"113Y06M"
"10014","臺東縣","10014030","關山鎮",105.9600000000000000,2.52,136.48,51.96,16.06,35.91,223.61,"113Y06M"
"10014","臺東縣","10014040","卑南鄉",109.7600000000000000,2.40,40.01,41.18,12.06,29.11,241.32,"113Y06M"
"10014","臺東縣","10014050","鹿野鄉",110.8500000000000000,2.37,79.27,45.40,9.57,35.83,374.36,"113Y06M"
"10014","臺東縣","10014060","池上鄉",104.9700000000000000,2.47,93.68,52.60,14.03,38.57,275.00,"113Y06M"
"10014","臺東縣","10014070","東河鄉",118.8300000000000000,2.17,37.44,49.71,9.55,40.16,420.52,"113Y06M"
"10014","臺東縣","10014080","長濱鄉",125.5600000000000000,2.29,42.43,50.80,9.18,41.62,453.12,"113Y06M"
"10014","臺東縣","10014090","太麻里鄉",111.6300000000000000,2.19,109.79,44.39,11.99,32.40,270.26,"113Y06M"
"10014","臺東縣","10014100","大武鄉",110.9700000000000000,2.23,79.54,41.53,13.66,27.87,203.95,"113Y06M"
"10014","臺東縣","10014110","綠島鄉",115.9300000000000000,3.46,290.02,28.13,10.80,17.33,160.43,"113Y06M"
"10014","臺東縣","10014120","海端鄉",110.5700000000000000,3.88,4.87,36.31,22.12,14.19,64.17,"113Y06M"
"10014","臺東縣","10014130","延平鄉",108.0700000000000000,3.31,7.80,34.26,19.96,14.30,71.64,"113Y06M"
"10014","臺東縣","10014140","金峰鄉",100.9200000000000000,3.04,9.74,36.46,18.87,17.59,93.18,"113Y06M"
"10014","臺東縣","10014150","達仁鄉",116.3400000000000000,2.38,11.10,35.69,13.72,21.97,160.17,"113Y06M"
"10014","臺東縣","10014160","蘭嶼鄉",101.0700000000000000,2.64,108.87,29.82,17.25,12.57,72.86,"113Y06M"
"10015","花蓮縣","10015010","花蓮市",91.5300000000000000,2.34,3353.95,49.44,20.37,29.07,142.69,"113Y06M"
"10015","花蓮縣","10015020","鳳林鎮",107.2800000000000000,2.40,85.96,60.97,15.46,45.51,294.37,"113Y06M"
"10015","花蓮縣","10015030","玉里鎮",110.0800000000000000,2.47,86.51,49.90,13.83,36.08,260.87,"113Y06M"
"10015","花蓮縣","10015040","新城鄉",101.8800000000000000,2.41,689.61,38.89,14.80,24.09,162.80,"113Y06M"
"10015","花蓮縣","10015050","吉安鄉",98.8000000000000000,2.46,1272.01,40.27,13.15,27.11,206.13,"113Y06M"
"10015","花蓮縣","10015060","壽豐鄉",112.5000000000000000,2.27,77.06,46.87,12.17,34.70,285.09,"113Y06M"
"10015","花蓮縣","10015070","光復鄉",112.1200000000000000,2.36,73.77,53.84,11.76,42.08,357.79,"113Y06M"
"10015","花蓮縣","10015080","豐濱鄉",126.9500000000000000,2.48,25.67,48.68,10.66,38.02,356.52,"113Y06M"
"10015","花蓮縣","10015090","瑞穗鄉",114.4300000000000000,2.26,78.58,53.18,12.64,40.54,320.82,"113Y06M"
"10015","花蓮縣","10015100","富里鄉",115.1900000000000000,2.39,54.14,52.89,12.89,40.00,310.31,"113Y06M"
"10015","花蓮縣","10015110","秀林鄉",103.8500000000000000,3.24,10.39,36.87,21.38,15.50,72.50,"113Y06M"
"10015","花蓮縣","10015120","萬榮鄉",109.3800000000000000,2.86,9.82,33.69,17.57,16.12,91.73,"113Y06M"
"10015","花蓮縣","10015130","卓溪鄉",117.7200000000000000,3.44,5.81,37.77,21.22,16.55,78.01,"113Y06M"
"10016","澎湖縣","10016010","馬公市",102.8000000000000000,2.42,1879.16,39.87,14.84,25.03,168.65,"113Y06M"
"10016","澎湖縣","10016020","湖西鄉",109.4300000000000000,2.46,484.13,38.71,11.49,27.22,237.00,"113Y06M"
"10016","澎湖縣","10016030","白沙鄉",105.2100000000000000,2.75,502.30,42.41,12.35,30.06,243.43,"113Y06M"
"10016","澎湖縣","10016040","西嶼鄉",104.7900000000000000,2.63,441.20,48.86,11.66,37.19,318.86,"113Y06M"
"10016","澎湖縣","10016050","望安鄉",117.4500000000000000,2.65,393.33,45.37,10.86,34.51,317.78,"113Y06M"
"10016","澎湖縣","10016060","七美鄉",104.7500000000000000,2.56,560.91,40.82,11.71,29.11,248.47,"113Y06M"
"10017","基隆市","10017010","中正區",101.6400000000000000,2.13,6674.29,43.00,10.99,32.01,291.26,"113Y06M"
"10017","基隆市","10017020","七堵區",99.6200000000000000,2.34,935.54,42.12,14.00,28.12,200.87,"113Y06M"
"10017","基隆市","10017030","暖暖區",99.1700000000000000,2.32,1683.92,39.69,14.15,25.54,180.41,"113Y06M"
"10017","基隆市","10017040","仁愛區",96.1800000000000000,2.16,9660.33,58.42,20.96,37.46,178.76,"113Y06M"
"10017","基隆市","10017050","中山區",102.0000000000000000,2.27,3321.20,40.96,10.85,30.11,277.39,"113Y06M"
"10017","基隆市","10017060","安樂區",96.6800000000000000,2.31,4449.04,42.01,14.15,27.87,197.01,"113Y06M"
"10017","基隆市","10017070","信義區",96.8200000000000000,2.27,4748.16,42.87,12.87,30.00,233.01,"113Y06M"
"10018","新竹市","10018010","東區",97.3600000000000000,2.54,24168.65,49.02,28.35,20.67,72.93,"113Y06M"
"10018","新竹市","10018020","北區",95.1400000000000000,2.46,22171.36,42.53,18.81,23.72,126.12,"113Y06M"
"10018","新竹市","10018030","香山區",102.4400000000000000,2.65,1440.95,35.83,14.97,20.86,139.37,"113Y06M"
"10020","嘉義市","10020010","東區",90.5800000000000000,2.52,12677.62,46.83,17.60,29.22,166.00,"113Y06M"
"10020","嘉義市","10020020","西區",93.7200000000000000,2.55,25467.55,43.88,18.31,25.58,139.70,"113Y06M"
"09020","金門縣","09020010","金城鎮",98.6000000000000000,3.20,1985.68,37.83,11.95,25.87,216.47,"113Y06M"
"09020","金門縣","09020020","金沙鎮",96.2000000000000000,3.10,503.06,36.63,8.50,28.13,330.95,"113Y06M"
"09020","金門縣","09020030","金湖鎮",98.9600000000000000,3.15,748.97,35.17,12.12,23.05,190.18,"113Y06M"
"09020","金門縣","09020040","金寧鄉",99.3200000000000000,3.34,1184.33,29.46,10.34,19.11,184.78,"113Y06M"
"09020","金門縣","09020050","烈嶼鄉",97.2200000000000000,3.82,790.48,34.05,7.51,26.53,353.17,"113Y06M"
"09020","金門縣","09020060","烏坵鄉",108.6000000000000000,5.00,545.83,27.93,12.89,15.04,116.67,"113Y06M"
"09007","連江縣","09007010","南竿鄉",126.6400000000000000,3.74,752.69,37.48,16.05,21.43,133.48,"113Y06M"
"09007","連江縣","09007020","北竿鄉",134.3300000000000000,3.27,309.60,30.82,10.71,20.10,187.65,"113Y06M"
"09007","連江縣","09007030","莒光鄉",168.7500000000000000,4.34,320.21,32.37,6.95,25.42,365.82,"113Y06M"
"09007","連江縣","09007040","東引鄉",165.8200000000000000,4.30,413.42,27.62,13.81,13.81,100.00,"113Y06M"
